<?xml version="1.0" encoding="UTF-8"?>
<metadata xml:lang="en"><Esri><CreaDate>20140312</CreaDate><CreaTime>12223000</CreaTime><ArcGISFormat>1.0</ArcGISFormat><SyncOnce>FALSE</SyncOnce><DataProperties><itemProps><itemName Sync="TRUE">BartlettSprings1_Merge</itemName><imsContentType Sync="TRUE">002</imsContentType><itemLocation><linkage Sync="TRUE">file://\\PC-LISAI\D$\2013\ATLASBC13\SISMOS\CATLOGO DE SISMOS\Fallas_California_WGS84</linkage><protocol Sync="TRUE">Local Area Network</protocol></itemLocation></itemProps><coordRef><type Sync="TRUE">Geographic</type><geogcsn Sync="TRUE">GCS_WGS_1984</geogcsn><csUnits Sync="TRUE">Angular Unit: Degree (0.017453)</csUnits><peXml Sync="TRUE">&lt;GeographicCoordinateSystem xsi:type='typens:GeographicCoordinateSystem' xmlns:xsi='http://www.w3.org/2001/XMLSchema-instance' xmlns:xs='http://www.w3.org/2001/XMLSchema' xmlns:typens='http://www.esri.com/schemas/ArcGIS/10.1'&gt;&lt;WKT&gt;GEOGCS[&amp;quot;GCS_WGS_1984&amp;quot;,DATUM[&amp;quot;D_WGS_1984&amp;quot;,SPHEROID[&amp;quot;WGS_1984&amp;quot;,6378137.0,298.257223563]],PRIMEM[&amp;quot;Greenwich&amp;quot;,0.0],UNIT[&amp;quot;Degree&amp;quot;,0.0174532925199433],AUTHORITY[&amp;quot;EPSG&amp;quot;,4326]]&lt;/WKT&gt;&lt;XOrigin&gt;-400&lt;/XOrigin&gt;&lt;YOrigin&gt;-400&lt;/YOrigin&gt;&lt;XYScale&gt;1111948722.2222221&lt;/XYScale&gt;&lt;ZOrigin&gt;-100000&lt;/ZOrigin&gt;&lt;ZScale&gt;10000&lt;/ZScale&gt;&lt;MOrigin&gt;-100000&lt;/MOrigin&gt;&lt;MScale&gt;10000&lt;/MScale&gt;&lt;XYTolerance&gt;8.983152841195215e-009&lt;/XYTolerance&gt;&lt;ZTolerance&gt;0.001&lt;/ZTolerance&gt;&lt;MTolerance&gt;0.001&lt;/MTolerance&gt;&lt;HighPrecision&gt;true&lt;/HighPrecision&gt;&lt;LeftLongitude&gt;-180&lt;/LeftLongitude&gt;&lt;WKID&gt;4326&lt;/WKID&gt;&lt;LatestWKID&gt;4326&lt;/LatestWKID&gt;&lt;/GeographicCoordinateSystem&gt;</peXml></coordRef><lineage><Process ToolSource="c:\program files (x86)\arcgis\desktop10.1\ArcToolbox\Toolboxes\Data Management Tools.tbx\Merge" Date="20131212" Time="125010">Merge BartlettSprings1;BigLagoon-Bald1;Blackwater1;BurntMtn1;Calaveras1;Calaveras2;Calaveras3;Calaveras4;Calaveras5;Calaveras6;Calico-Hidalgo1;Casmalia(Orcutt1;ChannelIslands1;Chino,alt1;Clamshell-Sawpit1;Cleghorn1;Collayomi1;Cucamonga1;DeathValley1;EarthquakeValley1;ElmoreRanch1;Elsinore1;Elsinore2;Elsinore3;Elsinore4;Elsinore5;Elsinore6;Elsinore7;ElysianPark1;EurekaPeak1;FickleHill1;Garlock1;Garlock2;Garlock3;Garlock4;Garlock5;Garlock6;GravelHills-Harper1;GreatValley1;GreatValley10;GreatValley11;GreatValley12;GreatValley2;GreatValley3;GreatValley4;GreatValley5;GreatValley6;GreatValley7;GreatValley8;GreatValley9;GreenValley1;GreenvilleConnected1;Hayward-RodgersCreek1;Hayward-RodgersCreek2;Hayward-RodgersCreek3;Hayward-RodgersCreek4;Hayward-RodgersCreek5;Hayward-RodgersCreek6;Helendale-SoLockhart1;Hollywood1;Holser,alt1;HoneyLake1;Hosgri1;HunterMountain1;HuntingCreek-Berryessa1;Imperial1;JohnsonValley1;LagunaSalada1;Landers1;Lenwood-Lockhart-OldWoman1;Likely1;LionsHead1;LittleLake1;LittleSalmon1;LosAlamos-West1;LosOsos1;Maacama-Garberville1;MadRiver1;MalibuCoast,1;McKinleyville1;merge1;MissionRidge-Arroyo1;MontereyBay-Tularcitos1;MonteVista-Shannon1;MountDiablo1;N.San1;N.San2;N.San3;N.San4;N.San5;N.San6;N.San7;N.San8;N.San9;NewportInglewood1;NorthFrontal1;NorthFrontal2;Northridge1;OakRidge1;Ortigalita1;OwensValley1;OwlLake1;PalosVerdes1;PintoMtn1;Pisgah-BullionMtn-Mesquite1;PitasPoint1;PitasPoint2;Pleito1;PointReyes1;PuenteHills1;QuienSabe1;Raymond1;RedMountain1;Rinconada1;S.San1;S.San10;S.San11;S.San12;S.San13;S.San14;S.San15;S.San16;S.San17;S.San18;S.San19;S.San2;S.San20;S.San21;S.San22;S.San23;S.San24;S.San25;S.San26;S.San27;S.San28;S.San29;S.San3;S.San30;S.San31;S.San32;S.San33;S.San34;S.San35;S.San36;S.San37;S.San38;S.San39;S.San4;S.San40;S.San41;S.San42;S.San43;S.San44;S.San45;S.San5;S.San6;S.San7;S.San8;S.San9;SanCayetano1;SanGabriel1;SanGregorio1;SanJacinto1;SanJacinto10;SanJacinto11;SanJacinto2;SanJacinto3;SanJacinto4;SanJacinto5;SanJacinto6;SanJacinto7;SanJacinto8;SanJacinto9;SanJoaquin1;SanJose1;SanJuan1;SanLuis1;SantaCruz1;SantaMonica1;SantaRosa1;SantaSusana,1;SantaYnez1;SierraMadre1;Simi-SantaRosa1;SoEmerson-Copper1;SuperstitionHills1;TableBluff1;Trinidad1;Ventura-PitasPoint1;Verdugo1;WestNapa1;WhiteMountains1;WhiteWolf1;Zayante-Vergeles1 "C:\Users\Ena Gamez\Documents\ArcGIS\Default.gdb\BartlettSprings1_Merge" "Id "Id" true true false 3 Short 0 3 ,First,#,BartlettSprings1,Id,-1,-1,BigLagoon-Bald1,Id,-1,-1,Blackwater1,Id,-1,-1,BurntMtn1,Id,-1,-1,Calaveras1,Id,-1,-1,Calaveras2,Id,-1,-1,Calaveras3,Id,-1,-1,Calaveras4,Id,-1,-1,Calaveras5,Id,-1,-1,Calaveras6,Id,-1,-1,Calico-Hidalgo1,Id,-1,-1,Casmalia(Orcutt1,Id,-1,-1,ChannelIslands1,Id,-1,-1,Chino,alt1,Id,-1,-1,Clamshell-Sawpit1,Id,-1,-1,Cleghorn1,Id,-1,-1,Collayomi1,Id,-1,-1,Cucamonga1,Id,-1,-1,DeathValley1,Id,-1,-1,EarthquakeValley1,Id,-1,-1,ElmoreRanch1,Id,-1,-1,Elsinore1,Id,-1,-1,Elsinore2,Id,-1,-1,Elsinore3,Id,-1,-1,Elsinore4,Id,-1,-1,Elsinore5,Id,-1,-1,Elsinore6,Id,-1,-1,Elsinore7,Id,-1,-1,ElysianPark1,Id,-1,-1,EurekaPeak1,Id,-1,-1,FickleHill1,Id,-1,-1,Garlock1,Id,-1,-1,Garlock2,Id,-1,-1,Garlock3,Id,-1,-1,Garlock4,Id,-1,-1,Garlock5,Id,-1,-1,Garlock6,Id,-1,-1,GravelHills-Harper1,Id,-1,-1,GreatValley1,Id,-1,-1,GreatValley10,Id,-1,-1,GreatValley11,Id,-1,-1,GreatValley12,Id,-1,-1,GreatValley2,Id,-1,-1,GreatValley3,Id,-1,-1,GreatValley4,Id,-1,-1,GreatValley5,Id,-1,-1,GreatValley6,Id,-1,-1,GreatValley7,Id,-1,-1,GreatValley8,Id,-1,-1,GreatValley9,Id,-1,-1,GreenValley1,Id,-1,-1,GreenvilleConnected1,Id,-1,-1,Hayward-RodgersCreek1,Id,-1,-1,Hayward-RodgersCreek2,Id,-1,-1,Hayward-RodgersCreek3,Id,-1,-1,Hayward-RodgersCreek4,Id,-1,-1,Hayward-RodgersCreek5,Id,-1,-1,Hayward-RodgersCreek6,Id,-1,-1,Helendale-SoLockhart1,Id,-1,-1,Hollywood1,Id,-1,-1,Holser,alt1,Id,-1,-1,HoneyLake1,Id,-1,-1,Hosgri1,Id,-1,-1,HunterMountain1,Id,-1,-1,HuntingCreek-Berryessa1,Id,-1,-1,Imperial1,Id,-1,-1,JohnsonValley1,Id,-1,-1,LagunaSalada1,Id,-1,-1,Landers1,Id,-1,-1,Lenwood-Lockhart-OldWoman1,Id,-1,-1,Likely1,Id,-1,-1,LionsHead1,Id,-1,-1,LittleLake1,Id,-1,-1,LittleSalmon1,Id,-1,-1,LosAlamos-West1,Id,-1,-1,LosOsos1,Id,-1,-1,Maacama-Garberville1,Id,-1,-1,MadRiver1,Id,-1,-1,MalibuCoast,1,Id,-1,-1,McKinleyville1,Id,-1,-1,merge1,Id,-1,-1,MissionRidge-Arroyo1,Id,-1,-1,MontereyBay-Tularcitos1,Id,-1,-1,MonteVista-Shannon1,Id,-1,-1,MountDiablo1,Id,-1,-1,N.San1,Id,-1,-1,N.San2,Id,-1,-1,N.San3,Id,-1,-1,N.San4,Id,-1,-1,N.San5,Id,-1,-1,N.San6,Id,-1,-1,N.San7,Id,-1,-1,N.San8,Id,-1,-1,N.San9,Id,-1,-1,NewportInglewood1,Id,-1,-1,NorthFrontal1,Id,-1,-1,NorthFrontal2,Id,-1,-1,Northridge1,Id,-1,-1,OakRidge1,Id,-1,-1,Ortigalita1,Id,-1,-1,OwensValley1,Id,-1,-1,OwlLake1,Id,-1,-1,PalosVerdes1,Id,-1,-1,PintoMtn1,Id,-1,-1,Pisgah-BullionMtn-Mesquite1,Id,-1,-1,PitasPoint1,Id,-1,-1,PitasPoint2,Id,-1,-1,Pleito1,Id,-1,-1,PointReyes1,Id,-1,-1,PuenteHills1,Id,-1,-1,QuienSabe1,Id,-1,-1,Raymond1,Id,-1,-1,RedMountain1,Id,-1,-1,Rinconada1,Id,-1,-1,S.San1,Id,-1,-1,S.San10,Id,-1,-1,S.San11,Id,-1,-1,S.San12,Id,-1,-1,S.San13,Id,-1,-1,S.San14,Id,-1,-1,S.San15,Id,-1,-1,S.San16,Id,-1,-1,S.San17,Id,-1,-1,S.San18,Id,-1,-1,S.San19,Id,-1,-1,S.San2,Id,-1,-1,S.San20,Id,-1,-1,S.San21,Id,-1,-1,S.San22,Id,-1,-1,S.San23,Id,-1,-1,S.San24,Id,-1,-1,S.San25,Id,-1,-1,S.San26,Id,-1,-1,S.San27,Id,-1,-1,S.San28,Id,-1,-1,S.San29,Id,-1,-1,S.San3,Id,-1,-1,S.San30,Id,-1,-1,S.San31,Id,-1,-1,S.San32,Id,-1,-1,S.San33,Id,-1,-1,S.San34,Id,-1,-1,S.San35,Id,-1,-1,S.San36,Id,-1,-1,S.San37,Id,-1,-1,S.San38,Id,-1,-1,S.San39,Id,-1,-1,S.San4,Id,-1,-1,S.San40,Id,-1,-1,S.San41,Id,-1,-1,S.San42,Id,-1,-1,S.San43,Id,-1,-1,S.San44,Id,-1,-1,S.San45,Id,-1,-1,S.San5,Id,-1,-1,S.San6,Id,-1,-1,S.San7,Id,-1,-1,S.San8,Id,-1,-1,S.San9,Id,-1,-1,SanCayetano1,Id,-1,-1,SanGabriel1,Id,-1,-1,SanGregorio1,Id,-1,-1,SanJacinto1,Id,-1,-1,SanJacinto10,Id,-1,-1,SanJacinto11,Id,-1,-1,SanJacinto2,Id,-1,-1,SanJacinto3,Id,-1,-1,SanJacinto4,Id,-1,-1,SanJacinto5,Id,-1,-1,SanJacinto6,Id,-1,-1,SanJacinto7,Id,-1,-1,SanJacinto8,Id,-1,-1,SanJacinto9,Id,-1,-1,SanJoaquin1,Id,-1,-1,SanJose1,Id,-1,-1,SanJuan1,Id,-1,-1,SanLuis1,Id,-1,-1,SantaCruz1,Id,-1,-1,SantaMonica1,Id,-1,-1,SantaRosa1,Id,-1,-1,SantaSusana,1,Id,-1,-1,SantaYnez1,Id,-1,-1,SierraMadre1,Id,-1,-1,Simi-SantaRosa1,Id,-1,-1,SoEmerson-Copper1,Id,-1,-1,SuperstitionHills1,Id,-1,-1,TableBluff1,Id,-1,-1,Trinidad1,Id,-1,-1,Ventura-PitasPoint1,Id,-1,-1,Verdugo1,Id,-1,-1,WestNapa1,Id,-1,-1,WhiteMountains1,Id,-1,-1,WhiteWolf1,Id,-1,-1,Zayante-Vergeles1,Id,-1,-1;NOMBRE "NOMBRE" true true false 50 Text 0 0 ,First,#,BartlettSprings1,NOMBRE,-1,-1,BigLagoon-Bald1,NOMBRE,-1,-1,Blackwater1,NOMBRE,-1,-1,BurntMtn1,NOMBRE,-1,-1,Calaveras6,NOMBRE,-1,-1,Calico-Hidalgo1,NOMBRE,-1,-1,Casmalia(Orcutt1,NOMBRE,-1,-1,ChannelIslands1,NOMBRE,-1,-1,Chino,alt1,NOMBRE,-1,-1,Clamshell-Sawpit1,NOMBRE,-1,-1,Cleghorn1,NOMBRE,-1,-1,Collayomi1,NOMBRE,-1,-1,Cucamonga1,NOMBRE,-1,-1,DeathValley1,NOMBRE,-1,-1,EarthquakeValley1,NOMBRE,-1,-1,ElmoreRanch1,NOMBRE,-1,-1,Elsinore1,NOMBRE,-1,-1,Elsinore6,NOMBRE,-1,-1,ElysianPark1,NOMBRE,-1,-1,EurekaPeak1,NOMBRE,-1,-1,FickleHill1,NOMBRE,-1,-1,Garlock6,NOMBRE,-1,-1,GravelHills-Harper1,NOMBRE,-1,-1,GreatValley1,NOMBRE,-1,-1,GreenValley1,NOMBRE,-1,-1,GreenvilleConnected1,NOMBRE,-1,-1,Hayward-RodgersCreek6,NOMBRE,-1,-1,Helendale-SoLockhart1,NOMBRE,-1,-1,Hollywood1,NOMBRE,-1,-1,Holser,alt1,NOMBRE,-1,-1,HoneyLake1,NOMBRE,-1,-1,Hosgri1,NOMBRE,-1,-1,HunterMountain1,NOMBRE,-1,-1,HuntingCreek-Berryessa1,NOMBRE,-1,-1,Imperial1,NOMBRE,-1,-1,JohnsonValley1,NOMBRE,-1,-1,LagunaSalada1,NOMBRE,-1,-1,Landers1,NOMBRE,-1,-1,Lenwood-Lockhart-OldWoman1,NOMBRE,-1,-1,Likely1,NOMBRE,-1,-1,LionsHead1,NOMBRE,-1,-1,LittleLake1,NOMBRE,-1,-1,LittleSalmon1,NOMBRE,-1,-1,LosAlamos-West1,NOMBRE,-1,-1,LosOsos1,NOMBRE,-1,-1,Maacama-Garberville1,NOMBRE,-1,-1,MadRiver1,NOMBRE,-1,-1,MalibuCoast,1,NOMBRE,-1,-1,McKinleyville1,NOMBRE,-1,-1,merge1,NOMBRE,-1,-1,MissionRidge-Arroyo1,NOMBRE,-1,-1,MontereyBay-Tularcitos1,NOMBRE,-1,-1,MonteVista-Shannon1,NOMBRE,-1,-1,MountDiablo1,NOMBRE,-1,-1,N.San9,NOMBRE,-1,-1,NewportInglewood1,NOMBRE,-1,-1,NorthFrontal1,NOMBRE,-1,-1,NorthFrontal2,NOMBRE,-1,-1,Northridge1,NOMBRE,-1,-1,OakRidge1,NOMBRE,-1,-1,Ortigalita1,NOMBRE,-1,-1,OwensValley1,NOMBRE,-1,-1,OwlLake1,NOMBRE,-1,-1,PalosVerdes1,NOMBRE,-1,-1,PintoMtn1,NOMBRE,-1,-1,Pisgah-BullionMtn-Mesquite1,NOMBRE,-1,-1,PitasPoint1,NOMBRE,-1,-1,PitasPoint2,NOMBRE,-1,-1,Pleito1,NOMBRE,-1,-1,PointReyes1,NOMBRE,-1,-1,PuenteHills1,NOMBRE,-1,-1,QuienSabe1,NOMBRE,-1,-1,Raymond1,NOMBRE,-1,-1,RedMountain1,NOMBRE,-1,-1,Rinconada1,NOMBRE,-1,-1,S.San45,NOMBRE,-1,-1,SanCayetano1,NOMBRE,-1,-1,SanGabriel1,NOMBRE,-1,-1,SanGregorio1,NOMBRE,-1,-1,SanJacinto1,NOMBRE,-1,-1,SanJacinto10,NOMBRE,-1,-1,SanJacinto7,NOMBRe,-1,-1,SanJoaquin1,NOMBRE,-1,-1,SanJose1,NOMBRE,-1,-1,SanJuan1,NOMBRE,-1,-1,SanLuis1,NOMBRE,-1,-1,SantaCruz1,NOMBRE,-1,-1,SantaMonica1,NOMBRE,-1,-1,SantaRosa1,NOMBRE,-1,-1,SantaSusana,1,NOMBRE,-1,-1,SantaYnez1,NOMBRE,-1,-1,SierraMadre1,NOMBRE,-1,-1,Simi-SantaRosa1,NOMBRE,-1,-1,SoEmerson-Copper1,NOMBRE,-1,-1,SuperstitionHills1,NOMBRE,-1,-1,TableBluff1,NOMBRE,-1,-1,Trinidad1,NOMBRE,-1,-1,Ventura-PitasPoint1,NOMBRE,-1,-1,Verdugo1,NOMBRE,-1,-1,WestNapa1,NOMBRE,-1,-1,WhiteMountains1,NOMBRE,-1,-1,WhiteWolf1,NOMBRE,-1,-1,Zayante-Vergeles1,NOMBRE,-1,-1"</Process></lineage><copyHistory><copy source="D:\2013\ATLASBC13\SISMOS\MAPAS_GUSTAVO\Fallas_California_WGS84" dest="\\PC-LISAI\D$\2013\ATLASBC13\SISMOS\CATLOGO DE SISMOS\Fallas_California_WGS84" date="20131213" time="11590100"></copy></copyHistory></DataProperties><SyncDate>20131212</SyncDate><SyncTime>12494800</SyncTime><ModDate>20131212</ModDate><ModTime>12494800</ModTime></Esri><dataIdInfo><envirDesc Sync="TRUE">Microsoft Windows 7 Version 6.1 (Build 7601) Service Pack 1; Esri ArcGIS 10.1.0.3035</envirDesc><dataLang><languageCode value="eng" Sync="TRUE"></languageCode><countryCode value="USA" Sync="TRUE"></countryCode></dataLang><idCitation><resTitle Sync="TRUE">BartlettSprings1_Merge</resTitle><presForm><PresFormCd value="005" Sync="TRUE"></PresFormCd></presForm></idCitation><spatRpType><SpatRepTypCd value="001" Sync="TRUE"></SpatRepTypCd></spatRpType></dataIdInfo><mdLang><languageCode value="eng" Sync="TRUE"></languageCode><countryCode value="USA" Sync="TRUE"></countryCode></mdLang><distInfo><distFormat><formatName Sync="TRUE">File Geodatabase Feature Class</formatName></distFormat></distInfo><mdHrLv><ScopeCd value="005" Sync="TRUE"></ScopeCd></mdHrLv><mdHrLvName Sync="TRUE">dataset</mdHrLvName><refSysInfo><RefSystem><refSysID><identCode code="4326" Sync="TRUE"></identCode><idCodeSpace Sync="TRUE">EPSG</idCodeSpace><idVersion Sync="TRUE">7.9.4</idVersion></refSysID></RefSystem></refSysInfo><spatRepInfo><VectSpatRep><geometObjs Name="BartlettSprings1_Merge"><geoObjTyp><GeoObjTypCd value="002" Sync="TRUE"></GeoObjTypCd></geoObjTyp><geoObjCnt Sync="TRUE">0</geoObjCnt></geometObjs><topLvl><TopoLevCd value="001" Sync="TRUE"></TopoLevCd></topLvl></VectSpatRep></spatRepInfo><spdoinfo><ptvctinf><esriterm Name="BartlettSprings1_Merge"><efeatyp Sync="TRUE">Simple</efeatyp><efeageom code="3" Sync="TRUE"></efeageom><esritopo Sync="TRUE">FALSE</esritopo><efeacnt Sync="TRUE">0</efeacnt><spindex Sync="TRUE">TRUE</spindex><linrefer Sync="TRUE">FALSE</linrefer></esriterm></ptvctinf></spdoinfo><eainfo><detailed Name="BartlettSprings1_Merge"><enttyp><enttypl Sync="TRUE">BartlettSprings1_Merge</enttypl><enttypt Sync="TRUE">Feature Class</enttypt><enttypc Sync="TRUE">0</enttypc></enttyp><attr><attrlabl Sync="TRUE">OBJECTID</attrlabl><attalias Sync="TRUE">OBJECTID</attalias><attrtype Sync="TRUE">OID</attrtype><attwidth Sync="TRUE">4</attwidth><atprecis Sync="TRUE">0</atprecis><attscale Sync="TRUE">0</attscale><attrdef Sync="TRUE">Internal feature number.</attrdef><attrdefs Sync="TRUE">Esri</attrdefs><attrdomv><udom Sync="TRUE">Sequential unique whole numbers that are automatically generated.</udom></attrdomv></attr><attr><attrlabl Sync="TRUE">Shape</attrlabl><attalias Sync="TRUE">Shape</attalias><attrtype Sync="TRUE">Geometry</attrtype><attwidth Sync="TRUE">0</attwidth><atprecis Sync="TRUE">0</atprecis><attscale Sync="TRUE">0</attscale><attrdef Sync="TRUE">Feature geometry.</attrdef><attrdefs Sync="TRUE">Esri</attrdefs><attrdomv><udom Sync="TRUE">Coordinates defining the features.</udom></attrdomv></attr><attr><attrlabl Sync="TRUE">Id</attrlabl><attalias Sync="TRUE">Id</attalias><attrtype Sync="TRUE">SmallInteger</attrtype><attwidth Sync="TRUE">2</attwidth><atprecis Sync="TRUE">0</atprecis><attscale Sync="TRUE">0</attscale></attr><attr><attrlabl Sync="TRUE">NOMBRE</attrlabl><attalias Sync="TRUE">NOMBRE</attalias><attrtype Sync="TRUE">String</attrtype><attwidth Sync="TRUE">50</attwidth><atprecis Sync="TRUE">0</atprecis><attscale Sync="TRUE">0</attscale></attr><attr><attrlabl Sync="TRUE">Shape_Length</attrlabl><attalias Sync="TRUE">Shape_Length</attalias><attrtype Sync="TRUE">Double</attrtype><attwidth Sync="TRUE">8</attwidth><atprecis Sync="TRUE">0</atprecis><attscale Sync="TRUE">0</attscale><attrdef Sync="TRUE">Length of feature in internal units.</attrdef><attrdefs Sync="TRUE">Esri</attrdefs><attrdomv><udom Sync="TRUE">Positive real numbers that are automatically generated.</udom></attrdomv></attr></detailed></eainfo><mdDateSt Sync="TRUE">20131212</mdDateSt></metadata>
